<?xml version="1.0" encoding="iso-8859-1"?>
<cables>
	<cable name="Ziggo" satfeed="true" flags="9">
		<transponder frequency="420000000" symbol_rate="6875000" fec_inner="0" modulation="3"/>
		<transponder frequency="364000000" symbol_rate="6875000" fec_inner="0" modulation="3"/>
		<transponder frequency="372000000" symbol_rate="6875000" fec_inner="0" modulation="3"/>
		<transponder frequency="554750000" symbol_rate="6875000" fec_inner="0" modulation="3"/>
		<transponder frequency="460000000" symbol_rate="6875000" fec_inner="0" modulation="3"/>
		<transponder frequency="762750000" symbol_rate="6875000" fec_inner="0" modulation="3"/>
		<transponder frequency="538750000" symbol_rate="6875000" fec_inner="0" modulation="3"/>
		<transponder frequency="404000000" symbol_rate="6875000" fec_inner="0" modulation="3"/>
		<transponder frequency="642750000" symbol_rate="6875000" fec_inner="0" modulation="3"/>
		<transponder frequency="474750000" symbol_rate="6875000" fec_inner="0" modulation="3"/>
		<transponder frequency="586750000" symbol_rate="6875000" fec_inner="0" modulation="3"/>
		<transponder frequency="738750000" symbol_rate="6875000" fec_inner="0" modulation="3"/>
		<transponder frequency="412000000" symbol_rate="6875000" fec_inner="0" modulation="3"/>
		<transponder frequency="682750000" symbol_rate="6875000" fec_inner="0" modulation="3"/>
		<transponder frequency="658750000" symbol_rate="6875000" fec_inner="0" modulation="3"/>
		<transponder frequency="562750000" symbol_rate="6875000" fec_inner="0" modulation="3"/>
		<transponder frequency="356000000" symbol_rate="6875000" fec_inner="0" modulation="3"/>
		<transponder frequency="428000000" symbol_rate="6875000" fec_inner="0" modulation="3"/>
		<transponder frequency="674750000" symbol_rate="6875000" fec_inner="0" modulation="3"/>
		<transponder frequency="578750000" symbol_rate="6875000" fec_inner="0" modulation="3"/>
		<transponder frequency="826750000" symbol_rate="6875000" fec_inner="0" modulation="3"/>
		<transponder frequency="690750000" symbol_rate="6875000" fec_inner="0" modulation="3"/>
		<transponder frequency="498750000" symbol_rate="6875000" fec_inner="0" modulation="3"/>
		<transponder frequency="452000000" symbol_rate="6875000" fec_inner="0" modulation="3"/>
		<transponder frequency="818750000" symbol_rate="6875000" fec_inner="0" modulation="3"/>
		<transponder frequency="802750000" symbol_rate="6875000" fec_inner="0" modulation="3"/>
		<transponder frequency="546750000" symbol_rate="6875000" fec_inner="0" modulation="3"/>
		<transponder frequency="570750000" symbol_rate="6875000" fec_inner="0" modulation="3"/>
		<transponder frequency="626750000" symbol_rate="6875000" fec_inner="0" modulation="3"/>
		<transponder frequency="436000000" symbol_rate="6875000" fec_inner="0" modulation="3"/>
		<transponder frequency="444000000" symbol_rate="6875000" fec_inner="0" modulation="3"/>
		<transponder frequency="618750000" symbol_rate="6875000" fec_inner="0" modulation="3"/>
	</cable>
</cables>
