<?xml version="1.0" encoding="iso-8859-1"?>
<satellites>
	<sat name="ABS-1 (75.0E)" flags="1" position="750">
	</sat>
	<sat name="Eutelsat 70A (70.5E)" flags="1" position="705">
	</sat>
	<sat name="Intelsat 7/10 (68.5E)" flags="1" position="685">
	</sat>
	<sat name="Intelsat 17 (66.0E)" flags="1" position="660">
	</sat>
	<sat name="Intelsat 906 (64.2E)" flags="1" position="642">
	</sat>
	<sat name="Intelsat 902 (62.0E)" flags="1" position="620">
	</sat>
	<sat name="Intelsat 904 (60.0E)" flags="1" position="600">
	</sat>
	<sat name="NSS 12 (57.0E)" flags="1" position="570">
	</sat>
	<sat name="Express AM22 (53.0E)" flags="1" position="530">
	</sat>
	<sat name="Yahsat 1A (52.5E)" flags="1" position="525">
	</sat>
	<sat name="Yamal 202 (49.0E)" flags="1" position="490">
	</sat>
	<sat name="Intelsat 12 (45.0E)" flags="1" position="450">
	</sat>
	<sat name="Turksat 3A East (42.3E)" flags="1" position="423">
	</sat>
	<sat name="Turksat 2A East (42.2E)" flags="1" position="422">
	</sat>
	<sat name="Turksat 2A/3A West (42.1E)" flags="1" position="421">
	</sat>
	<sat name="Turksat 2A/3A (42.0E)" flags="1" position="420">
		<transponder frequency="11957000" symbol_rate="27500000" polarization="1" fec_inner="4" inversion="2" modulation="1" system="0"/>
		<transponder frequency="11881000" symbol_rate="27500000" polarization="1" fec_inner="4" inversion="2" modulation="2" system="1" pilot="2" rolloff="0"/>
		<transponder frequency="11064000" symbol_rate="13000000" polarization="1" fec_inner="4" inversion="2" modulation="1" system="0"/>
		<transponder frequency="12653000" symbol_rate="4444000" polarization="1" fec_inner="4" inversion="2" modulation="1" system="0"/>
		<transponder frequency="11918000" symbol_rate="24440000" polarization="1" fec_inner="3" inversion="2" modulation="1" system="0"/>
		<transponder frequency="12571000" symbol_rate="2800000" polarization="0" fec_inner="3" inversion="2" modulation="1" system="0"/>
		<transponder frequency="11047000" symbol_rate="2400000" polarization="1" fec_inner="4" inversion="2" modulation="1" system="0"/>
		<transponder frequency="11839000" symbol_rate="4444000" polarization="1" fec_inner="3" inversion="2" modulation="1" system="0"/>
		<transponder frequency="11858000" symbol_rate="3150000" polarization="1" fec_inner="4" inversion="2" modulation="1" system="0"/>
		<transponder frequency="12639000" symbol_rate="4070000" polarization="1" fec_inner="4" inversion="2" modulation="1" system="0"/>
		<transponder frequency="12130000" symbol_rate="27500000" polarization="1" fec_inner="4" inversion="2" modulation="1" system="0"/>
		<transponder frequency="11804000" symbol_rate="24444000" polarization="1" fec_inner="4" inversion="2" modulation="1" system="0"/>
		<transponder frequency="11041000" symbol_rate="8400000" polarization="1" fec_inner="3" inversion="2" modulation="2" system="1" pilot="2" rolloff="0"/>
		<transponder frequency="12679000" symbol_rate="8888000" polarization="1" fec_inner="3" inversion="2" modulation="1" system="0"/>
		<transponder frequency="12685000" symbol_rate="30000000" polarization="0" fec_inner="4" inversion="2" modulation="1" system="0"/>
		<transponder frequency="12525000" symbol_rate="30000000" polarization="1" fec_inner="4" inversion="2" modulation="1" system="0"/>
		<transponder frequency="12562000" symbol_rate="25000000" polarization="1" fec_inner="4" inversion="2" modulation="1" system="0"/>
		<transponder frequency="11830000" symbol_rate="7200000" polarization="1" fec_inner="4" inversion="2" modulation="1" system="0"/>
		<transponder frequency="12729000" symbol_rate="30000000" polarization="0" fec_inner="4" inversion="2" modulation="1" system="0"/>
		<transponder frequency="12540000" symbol_rate="30000000" polarization="0" fec_inner="3" inversion="2" modulation="1" system="0"/>
		<transponder frequency="12592000" symbol_rate="8888000" polarization="0" fec_inner="3" inversion="2" modulation="1" system="0"/>
		<transponder frequency="11054000" symbol_rate="30000000" polarization="0" fec_inner="4" inversion="2" modulation="1" system="0"/>
		<transponder frequency="12515000" symbol_rate="8888000" polarization="0" fec_inner="3" inversion="2" modulation="1" system="0"/>
		<transponder frequency="12615000" symbol_rate="4800000" polarization="1" fec_inner="4" inversion="2" modulation="1" system="0"/>
		<transponder frequency="11194000" symbol_rate="7200000" polarization="0" fec_inner="3" inversion="2" modulation="1" system="0"/>
		<transponder frequency="12690000" symbol_rate="7200000" polarization="1" fec_inner="3" inversion="2" modulation="1" system="0"/>
		<transponder frequency="12601000" symbol_rate="4400000" polarization="0" fec_inner="3" inversion="2" modulation="1" system="0"/>
		<transponder frequency="11096000" symbol_rate="30000000" polarization="1" fec_inner="4" inversion="2" modulation="1" system="0"/>
		<transponder frequency="12588000" symbol_rate="2260000" polarization="1" fec_inner="4" inversion="2" modulation="1" system="0"/>
		<transponder frequency="12601000" symbol_rate="2960000" polarization="1" fec_inner="4" inversion="2" modulation="1" system="0"/>
		<transponder frequency="12592000" symbol_rate="2220000" polarization="1" fec_inner="4" inversion="2" modulation="1" system="0"/>
		<transponder frequency="12609000" symbol_rate="3700000" polarization="1" fec_inner="4" inversion="2" modulation="1" system="0"/>
		<transponder frequency="12629000" symbol_rate="3740000" polarization="1" fec_inner="4" inversion="2" modulation="1" system="0"/>
		<transponder frequency="12650000" symbol_rate="4250000" polarization="0" fec_inner="4" inversion="2" modulation="1" system="0"/>
		<transponder frequency="12656000" symbol_rate="4444000" polarization="0" fec_inner="4" inversion="2" modulation="1" system="0"/>
		<transponder frequency="11645000" symbol_rate="2222000" polarization="0" fec_inner="3" inversion="2" modulation="1" system="0"/>
		<transponder frequency="11593000" symbol_rate="27500000" polarization="1" fec_inner="3" inversion="2" modulation="1" system="0"/>
		<transponder frequency="11556000" symbol_rate="27500000" polarization="1" fec_inner="3" inversion="2" modulation="1" system="0"/>
		<transponder frequency="12729000" symbol_rate="30000000" polarization="0" fec_inner="4" inversion="2" modulation="1" system="0"/>
		<transponder frequency="12577000" symbol_rate="2590000" polarization="0" fec_inner="4" inversion="2" modulation="1" system="0"/>
		<transponder frequency="12618000" symbol_rate="2800000" polarization="0" fec_inner="4" inversion="2" modulation="1" system="0"/>
		<transponder frequency="11729000" symbol_rate="15555000" polarization="1" fec_inner="4" inversion="2" modulation="1" system="0"/>
		<transponder frequency="11741000" symbol_rate="3600000" polarization="1" fec_inner="4" inversion="2" modulation="1" system="0"/>
		<transponder frequency="11996000" symbol_rate="27500000" polarization="1" fec_inner="4" inversion="2" modulation="1" system="0"/>
		<transponder frequency="10970000" symbol_rate="30000000" polarization="1" fec_inner="3" inversion="2" modulation="2" system="1" pilot="2" rolloff="0"/>
		<transponder frequency="11847000" symbol_rate="2400000" polarization="1" fec_inner="4" inversion="2" modulation="1" system="0"/>
		<transponder frequency="12596000" symbol_rate="3700000" polarization="1" fec_inner="4" inversion="2" modulation="1" system="0"/>
		<transponder frequency="11012000" symbol_rate="30000000" polarization="1" fec_inner="4" inversion="2" modulation="1" system="0"/>
		<transponder frequency="11714000" symbol_rate="6000000" polarization="1" fec_inner="4" inversion="2" modulation="1" system="0"/>
	</sat>
	<sat name="Hellas Sat 2 (39.0E)" flags="1" position="390">
	</sat>
	<sat name="Paksat 1R (38.0E)" flags="1" position="380">
	</sat>
	<sat name="Eutelsat 36A/36B (36.0E)" flags="1" position="360">
	</sat>
	<sat name="Eutelsat 33A (33.0E)" flags="1" position="330">
	</sat>
	<sat name="Astra 1G (31.5E)" flags="1" position="315">
	</sat>
	<sat name="Arabsat 5A (30.5E)" flags="1" position="305">
	</sat>
	<sat name="Eutelsat 28A / Astra 1N/2A/2B/2D (28.5E)" flags="1" position="285">
	</sat>
	<sat name="Eutelsat 28A / Astra 1N/2A/2B/2D (28.2E)" flags="1" position="282">
		<transponder frequency="11508000" symbol_rate="27500000" polarization="0" fec_inner="2" inversion="2" modulation="1" system="0"/>
		<transponder frequency="11914000" symbol_rate="27500000" polarization="0" fec_inner="2" inversion="2" modulation="1" system="0"/>
		<transponder frequency="11603000" symbol_rate="27500000" polarization="1" fec_inner="2" inversion="2" modulation="1" system="0"/>
		<transponder frequency="12012000" symbol_rate="29500000" polarization="1" fec_inner="3" inversion="2" modulation="1" system="1" pilot="2" rolloff="0"/>
		<transponder frequency="12460000" symbol_rate="29500000" polarization="0" fec_inner="3" inversion="2" modulation="1" system="1" pilot="2" rolloff="0"/>
		<transponder frequency="12382000" symbol_rate="29500000" polarization="0" fec_inner="3" inversion="2" modulation="1" system="1" pilot="2" rolloff="0"/>
		<transponder frequency="11469000" symbol_rate="27500000" polarization="0" fec_inner="2" inversion="2" modulation="1" system="0"/>
		<transponder frequency="11934000" symbol_rate="27500000" polarization="1" fec_inner="2" inversion="2" modulation="1" system="0"/>
		<transponder frequency="11565000" symbol_rate="27500000" polarization="1" fec_inner="2" inversion="2" modulation="1" system="0"/>
		<transponder frequency="12607000" symbol_rate="27500000" polarization="0" fec_inner="2" inversion="2" modulation="1" system="0"/>
		<transponder frequency="10714000" symbol_rate="22000000" polarization="0" fec_inner="4" inversion="2" modulation="1" system="0"/>
		<transponder frequency="12734000" symbol_rate="2965000" polarization="0" fec_inner="3" inversion="2" modulation="1" system="0"/>
		<transponder frequency="12510000" symbol_rate="7500000" polarization="0" fec_inner="4" inversion="2" modulation="2" system="1" pilot="2" rolloff="0"/>
		<transponder frequency="11639000" symbol_rate="1000000" polarization="1" fec_inner="5" inversion="2" modulation="1" system="0"/>
		<transponder frequency="12441000" symbol_rate="29500000" polarization="1" fec_inner="3" inversion="2" modulation="1" system="1" pilot="2" rolloff="0"/>
		<transponder frequency="12148000" symbol_rate="27500000" polarization="0" fec_inner="2" inversion="2" modulation="1" system="0"/>
		<transponder frequency="11127000" symbol_rate="22000000" polarization="1" fec_inner="4" inversion="2" modulation="1" system="0"/>
		<transponder frequency="12480000" symbol_rate="27500000" polarization="1" fec_inner="2" inversion="2" modulation="1" system="0"/>
		<transponder frequency="10803000" symbol_rate="22000000" polarization="0" fec_inner="4" inversion="2" modulation="1" system="0"/>
		<transponder frequency="11307000" symbol_rate="27500000" polarization="1" fec_inner="2" inversion="2" modulation="1" system="0"/>
		<transponder frequency="11344000" symbol_rate="27500000" polarization="0" fec_inner="2" inversion="2" modulation="1" system="0"/>
		<transponder frequency="11052000" symbol_rate="22000000" polarization="0" fec_inner="4" inversion="2" modulation="1" system="0"/>
		<transponder frequency="10906000" symbol_rate="22000000" polarization="1" fec_inner="4" inversion="2" modulation="1" system="0"/>
		<transponder frequency="12207000" symbol_rate="27500000" polarization="1" fec_inner="2" inversion="2" modulation="1" system="0"/>
		<transponder frequency="11836000" symbol_rate="27500000" polarization="0" fec_inner="2" inversion="2" modulation="1" system="0"/>
		<transponder frequency="10964000" symbol_rate="22000000" polarization="0" fec_inner="4" inversion="2" modulation="1" system="0"/>
		<transponder frequency="11426000" symbol_rate="27500000" polarization="1" fec_inner="2" inversion="2" modulation="1" system="0"/>
		<transponder frequency="12110000" symbol_rate="27500000" polarization="0" fec_inner="2" inversion="2" modulation="1" system="0"/>
		<transponder frequency="11546000" symbol_rate="27500000" polarization="0" fec_inner="2" inversion="2" modulation="1" system="0"/>
		<transponder frequency="12643000" symbol_rate="27500000" polarization="0" fec_inner="2" inversion="2" modulation="1" system="0"/>
		<transponder frequency="10832000" symbol_rate="22000000" polarization="0" fec_inner="4" inversion="2" modulation="1" system="0"/>
		<transponder frequency="11222000" symbol_rate="27500000" polarization="0" fec_inner="2" inversion="2" modulation="1" system="0"/>
		<transponder frequency="12560000" symbol_rate="27500000" polarization="1" fec_inner="2" inversion="2" modulation="1" system="0"/>
		<transponder frequency="10876000" symbol_rate="22000000" polarization="1" fec_inner="4" inversion="2" modulation="1" system="0"/>
		<transponder frequency="10862000" symbol_rate="22000000" polarization="0" fec_inner="4" inversion="2" modulation="1" system="0"/>
		<transponder frequency="12285000" symbol_rate="27500000" polarization="1" fec_inner="2" inversion="2" modulation="1" system="0"/>
		<transponder frequency="11307000" symbol_rate="27500000" polarization="1" fec_inner="2" inversion="2" modulation="1" system="0"/>
		<transponder frequency="11954000" symbol_rate="27500000" polarization="0" fec_inner="2" inversion="2" modulation="1" system="0"/>
		<transponder frequency="11427000" symbol_rate="27500000" polarization="0" fec_inner="2" inversion="2" modulation="1" system="0"/>
		<transponder frequency="11876000" symbol_rate="27500000" polarization="0" fec_inner="2" inversion="2" modulation="1" system="0"/>
		<transponder frequency="11661000" symbol_rate="27500000" polarization="0" fec_inner="2" inversion="2" modulation="1" system="0"/>
		<transponder frequency="12523000" symbol_rate="27500000" polarization="0" fec_inner="2" inversion="2" modulation="1" system="0"/>
		<transponder frequency="10788000" symbol_rate="22000000" polarization="1" fec_inner="4" inversion="2" modulation="1" system="0"/>
		<transponder frequency="12032000" symbol_rate="27500000" polarization="0" fec_inner="2" inversion="2" modulation="1" system="0"/>
		<transponder frequency="10993000" symbol_rate="22000000" polarization="0" fec_inner="4" inversion="2" modulation="1" system="0"/>
		<transponder frequency="11778000" symbol_rate="27500000" polarization="1" fec_inner="2" inversion="2" modulation="1" system="0"/>
		<transponder frequency="10758000" symbol_rate="22000000" polarization="1" fec_inner="4" inversion="2" modulation="1" system="0"/>
		<transponder frequency="11390000" symbol_rate="27500000" polarization="1" fec_inner="2" inversion="2" modulation="1" system="0"/>
		<transponder frequency="12560000" symbol_rate="27500000" polarization="1" fec_inner="2" inversion="2" modulation="1" system="0"/>
		<transponder frequency="11895000" symbol_rate="27500000" polarization="1" fec_inner="2" inversion="2" modulation="1" system="0"/>
		<transponder frequency="12070000" symbol_rate="27500000" polarization="0" fec_inner="2" inversion="2" modulation="1" system="0"/>
		<transponder frequency="11817000" symbol_rate="27500000" polarization="1" fec_inner="2" inversion="2" modulation="1" system="0"/>
		<transponder frequency="10729000" symbol_rate="22000000" polarization="1" fec_inner="4" inversion="2" modulation="1" system="0"/>
		<transponder frequency="10818000" symbol_rate="22000000" polarization="1" fec_inner="4" inversion="2" modulation="1" system="0"/>
		<transponder frequency="11223000" symbol_rate="27500000" polarization="1" fec_inner="2" inversion="2" modulation="1" system="0"/>
		<transponder frequency="11527000" symbol_rate="27500000" polarization="1" fec_inner="2" inversion="2" modulation="1" system="0"/>
		<transponder frequency="10744000" symbol_rate="22000000" polarization="0" fec_inner="4" inversion="2" modulation="1" system="0"/>
		<transponder frequency="11261000" symbol_rate="27500000" polarization="0" fec_inner="2" inversion="2" modulation="1" system="0"/>
		<transponder frequency="10891000" symbol_rate="22000000" polarization="0" fec_inner="4" inversion="2" modulation="1" system="0"/>
		<transponder frequency="11259000" symbol_rate="27500000" polarization="1" fec_inner="2" inversion="2" modulation="1" system="0"/>
		<transponder frequency="10773000" symbol_rate="22000000" polarization="0" fec_inner="4" inversion="2" modulation="1" system="0"/>
		<transponder frequency="11623000" symbol_rate="27500000" polarization="0" fec_inner="2" inversion="2" modulation="1" system="0"/>
		<transponder frequency="11343000" symbol_rate="27500000" polarization="1" fec_inner="2" inversion="2" modulation="1" system="0"/>
		<transponder frequency="11680000" symbol_rate="27500000" polarization="1" fec_inner="2" inversion="2" modulation="1" system="0"/>
		<transponder frequency="11585000" symbol_rate="27500000" polarization="0" fec_inner="2" inversion="2" modulation="1" system="0"/>
		<transponder frequency="11992000" symbol_rate="27500000" polarization="0" fec_inner="2" inversion="2" modulation="1" system="0"/>
		<transponder frequency="11389000" symbol_rate="27500000" polarization="0" fec_inner="2" inversion="2" modulation="1" system="0"/>
		<transponder frequency="12643000" symbol_rate="27500000" polarization="0" fec_inner="2" inversion="2" modulation="1" system="0"/>
		<transponder frequency="12051000" symbol_rate="27500000" polarization="1" fec_inner="2" inversion="2" modulation="1" system="0"/>
		<transponder frequency="11488000" symbol_rate="27500000" polarization="1" fec_inner="2" inversion="2" modulation="1" system="0"/>
		<transponder frequency="12523000" symbol_rate="27500000" polarization="0" fec_inner="2" inversion="2" modulation="1" system="0"/>
		<transponder frequency="11973000" symbol_rate="27500000" polarization="1" fec_inner="2" inversion="2" modulation="1" system="0"/>
		<transponder frequency="11798000" symbol_rate="29500000" polarization="0" fec_inner="3" inversion="2" modulation="1" system="1" pilot="2" rolloff="0"/>
		<transponder frequency="12324000" symbol_rate="29500000" polarization="1" fec_inner="3" inversion="2" modulation="1" system="1" pilot="2" rolloff="0"/>
		<transponder frequency="12606000" symbol_rate="27500000" polarization="1" fec_inner="2" inversion="2" modulation="1" system="0"/>
		<transponder frequency="12266000" symbol_rate="29500000" polarization="0" fec_inner="3" inversion="2" modulation="1" system="1" pilot="2" rolloff="0"/>
		<transponder frequency="10936000" symbol_rate="23000000" polarization="1" fec_inner="6" inversion="2" modulation="1" system="1" pilot="2" rolloff="0"/>
		<transponder frequency="12344000" symbol_rate="29500000" polarization="0" fec_inner="3" inversion="2" modulation="1" system="1" pilot="2" rolloff="0"/>
		<transponder frequency="12090000" symbol_rate="29500000" polarization="1" fec_inner="3" inversion="2" modulation="1" system="1" pilot="2" rolloff="0"/>
		<transponder frequency="11856000" symbol_rate="29500000" polarization="1" fec_inner="3" inversion="2" modulation="1" system="1" pilot="2" rolloff="0"/>
		<transponder frequency="12226000" symbol_rate="29500000" polarization="0" fec_inner="3" inversion="2" modulation="1" system="1" pilot="2" rolloff="0"/>
		<transponder frequency="10847000" symbol_rate="23000000" polarization="1" fec_inner="2" inversion="2" modulation="2" system="1" pilot="2" rolloff="0"/>
		<transponder frequency="11758000" symbol_rate="29500000" polarization="0" fec_inner="3" inversion="2" modulation="1" system="1" pilot="2" rolloff="0"/>
		<transponder frequency="11719000" symbol_rate="29500000" polarization="0" fec_inner="3" inversion="2" modulation="1" system="1" pilot="2" rolloff="0"/>
		<transponder frequency="12246000" symbol_rate="29500000" polarization="1" fec_inner="3" inversion="2" modulation="1" system="1" pilot="2" rolloff="0"/>
		<transponder frequency="10921000" symbol_rate="23000000" polarization="0" fec_inner="6" inversion="2" modulation="1" system="1" pilot="2" rolloff="0"/>
		<transponder frequency="11740000" symbol_rate="29500000" polarization="1" fec_inner="3" inversion="2" modulation="1" system="1" pilot="2" rolloff="0"/>
		<transponder frequency="12304000" symbol_rate="29500000" polarization="0" fec_inner="3" inversion="2" modulation="1" system="1" pilot="2" rolloff="0"/>
		<transponder frequency="12188000" symbol_rate="29500000" polarization="0" fec_inner="3" inversion="2" modulation="1" system="1" pilot="2" rolloff="0"/>
		<transponder frequency="12168000" symbol_rate="29500000" polarization="1" fec_inner="3" inversion="2" modulation="1" system="1" pilot="2" rolloff="0"/>
		<transponder frequency="12363000" symbol_rate="29500000" polarization="1" fec_inner="3" inversion="2" modulation="1" system="1" pilot="2" rolloff="0"/>
	</sat>
	<sat name="Badr 4/5/6 (26.0E)" flags="1" position="260">
	</sat>
	<sat name="Eutelsat 25A (25.5E)" flags="1" position="255">
	</sat>
	<sat name="Astra 3A/3B / Thor 2 (23.5E)" flags="1" position="235">
		<transponder frequency="12725000" symbol_rate="30000000" polarization="0" fec_inner="6" inversion="2" modulation="2" system="1" pilot="2" rolloff="0"/>
		<transponder frequency="12525000" symbol_rate="27500000" polarization="0" fec_inner="4" inversion="2" modulation="2" system="1" pilot="2" rolloff="0"/>
		<transponder frequency="12645000" symbol_rate="30000000" polarization="0" fec_inner="6" inversion="2" modulation="2" system="1" pilot="2" rolloff="0"/>
		<transponder frequency="12148000" symbol_rate="27500000" polarization="0" fec_inner="4" inversion="2" modulation="2" system="1" pilot="2" rolloff="0"/>
		<transponder frequency="12382000" symbol_rate="30000000" polarization="0" fec_inner="6" inversion="2" modulation="2" system="1" pilot="2" rolloff="0"/>
		<transponder frequency="12304000" symbol_rate="27500000" polarization="0" fec_inner="4" inversion="2" modulation="2" system="1" pilot="2" rolloff="0"/>
		<transponder frequency="12343000" symbol_rate="27500000" polarization="0" fec_inner="4" inversion="2" modulation="2" system="1" pilot="2" rolloff="0"/>
		<transponder frequency="12685000" symbol_rate="30000000" polarization="0" fec_inner="6" inversion="2" modulation="2" system="1" pilot="2" rolloff="0"/>
		<transponder frequency="11934000" symbol_rate="27500000" polarization="1" fec_inner="3" inversion="2" modulation="2" system="1" pilot="2" rolloff="0"/>
		<transponder frequency="12684000" symbol_rate="4799000" polarization="1" fec_inner="3" inversion="2" modulation="2" system="1" pilot="2" rolloff="0"/>
		<transponder frequency="12668000" symbol_rate="3600000" polarization="1" fec_inner="3" inversion="2" modulation="2" system="1" pilot="2" rolloff="0"/>
		<transponder frequency="12710000" symbol_rate="4936000" polarization="1" fec_inner="3" inversion="2" modulation="2" system="1" pilot="2" rolloff="0"/>
		<transponder frequency="11836000" symbol_rate="27500000" polarization="0" fec_inner="4" inversion="2" modulation="1" system="0"/>
		<transponder frequency="11973000" symbol_rate="27500000" polarization="1" fec_inner="4" inversion="2" modulation="1" system="0"/>
		<transponder frequency="11895000" symbol_rate="27500000" polarization="1" fec_inner="4" inversion="2" modulation="1" system="0"/>
		<transponder frequency="11817000" symbol_rate="27500000" polarization="1" fec_inner="4" inversion="2" modulation="2" system="1" pilot="2" rolloff="0"/>
		<transponder frequency="11875000" symbol_rate="27500000" polarization="0" fec_inner="4" inversion="2" modulation="1" system="0"/>
		<transponder frequency="12525000" symbol_rate="27500000" polarization="1" fec_inner="3" inversion="2" modulation="1" system="0"/>
		<transponder frequency="11914000" symbol_rate="27500000" polarization="0" fec_inner="3" inversion="2" modulation="1" system="0"/>
		<transponder frequency="12070000" symbol_rate="27500000" polarization="0" fec_inner="3" inversion="2" modulation="1" system="0"/>
		<transponder frequency="12168000" symbol_rate="27500000" polarization="1" fec_inner="3" inversion="2" modulation="1" system="0"/>
		<transponder frequency="10876000" symbol_rate="22000000" polarization="1" fec_inner="4" inversion="2" modulation="1" system="0"/>
		<transponder frequency="11690000" symbol_rate="3333000" polarization="1" fec_inner="5" inversion="2" modulation="1" system="0"/>
		<transponder frequency="12129000" symbol_rate="27500000" polarization="1" fec_inner="2" inversion="2" modulation="2" system="1" pilot="2" rolloff="0"/>
		<transponder frequency="12051000" symbol_rate="27500000" polarization="1" fec_inner="3" inversion="2" modulation="2" system="1" pilot="2" rolloff="0"/>
		<transponder frequency="11778000" symbol_rate="27500000" polarization="1" fec_inner="9" inversion="2" modulation="1" system="1" pilot="2" rolloff="0"/>
		<transponder frequency="11797000" symbol_rate="27500000" polarization="0" fec_inner="3" inversion="2" modulation="2" system="1" pilot="2" rolloff="0"/>
		<transponder frequency="12109000" symbol_rate="27500000" polarization="0" fec_inner="3" inversion="2" modulation="2" system="1" pilot="2" rolloff="0"/>
		<transponder frequency="12207000" symbol_rate="27500000" polarization="1" fec_inner="3" inversion="2" modulation="2" system="1" pilot="2" rolloff="0"/>
		<transponder frequency="12032000" symbol_rate="27500000" polarization="0" fec_inner="9" inversion="2" modulation="1" system="1" pilot="2" rolloff="0"/>
		<transponder frequency="12662000" symbol_rate="555000" polarization="1" fec_inner="3" inversion="2" modulation="1" system="0"/>
		<transponder frequency="11739000" symbol_rate="27500000" polarization="1" fec_inner="2" inversion="2" modulation="2" system="1" pilot="2" rolloff="0"/>
		<transponder frequency="12187000" symbol_rate="27500000" polarization="0" fec_inner="4" inversion="2" modulation="1" system="1" pilot="2" rolloff="0"/>
		<transponder frequency="11856000" symbol_rate="27500000" polarization="1" fec_inner="4" inversion="2" modulation="1" system="1" pilot="2" rolloff="0"/>
		<transponder frequency="12401000" symbol_rate="30000000" polarization="1" fec_inner="4" inversion="2" modulation="2" system="1" pilot="2" rolloff="0"/>
	</sat>
	<sat name="Eutelsat 21A (21.6E)" flags="1" position="216">
	</sat>
	<sat name="Eutelsat 21A (21.5E)" flags="1" position="215">
	</sat>
	<sat name="Arabsat 5C (20.0E)" flags="1" position="200">
	</sat>
	<sat name="Astra 1H/1KR/1L/1M/2C (19.2E)" flags="1" position="192">
		<transponder frequency="11568000" symbol_rate="22000000" polarization="1" fec_inner="4" inversion="2" modulation="1" system="0"/>
		<transponder frequency="11612000" symbol_rate="22000000" polarization="0" fec_inner="4" inversion="2" modulation="1" system="0"/>
		<transponder frequency="12148000" symbol_rate="27500000" polarization="0" fec_inner="3" inversion="2" modulation="1" system="0"/>
		<transponder frequency="11523000" symbol_rate="22000000" polarization="0" fec_inner="4" inversion="2" modulation="1" system="0"/>
		<transponder frequency="11538000" symbol_rate="22000000" polarization="1" fec_inner="4" inversion="2" modulation="1" system="0"/>
		<transponder frequency="11171000" symbol_rate="22000000" polarization="0" fec_inner="2" inversion="2" modulation="2" system="1" pilot="2" rolloff="0"/>
		<transponder frequency="12032000" symbol_rate="27500000" polarization="0" fec_inner="3" inversion="2" modulation="1" system="0"/>
		<transponder frequency="12460000" symbol_rate="27500000" polarization="0" fec_inner="3" inversion="2" modulation="1" system="0"/>
		<transponder frequency="11479000" symbol_rate="22000000" polarization="1" fec_inner="4" inversion="2" modulation="1" system="0"/>
		<transponder frequency="12402000" symbol_rate="27500000" polarization="1" fec_inner="3" inversion="2" modulation="1" system="0"/>
		<transponder frequency="11973000" symbol_rate="27500000" polarization="1" fec_inner="3" inversion="2" modulation="1" system="0"/>
		<transponder frequency="11686000" symbol_rate="22000000" polarization="1" fec_inner="4" inversion="2" modulation="1" system="0"/>
		<transponder frequency="11720000" symbol_rate="27500000" polarization="0" fec_inner="3" inversion="2" modulation="1" system="0"/>
		<transponder frequency="12522000" symbol_rate="22000000" polarization="1" fec_inner="4" inversion="2" modulation="1" system="0"/>
		<transponder frequency="11758000" symbol_rate="27500000" polarization="0" fec_inner="3" inversion="2" modulation="1" system="0"/>
		<transponder frequency="11798000" symbol_rate="27500000" polarization="0" fec_inner="3" inversion="2" modulation="1" system="0"/>
		<transponder frequency="12188000" symbol_rate="27500000" polarization="0" fec_inner="3" inversion="2" modulation="1" system="0"/>
		<transponder frequency="11856000" symbol_rate="27500000" polarization="1" fec_inner="3" inversion="2" modulation="1" system="0"/>
		<transponder frequency="12070000" symbol_rate="27500000" polarization="0" fec_inner="3" inversion="2" modulation="1" system="0"/>
		<transponder frequency="12722000" symbol_rate="22000000" polarization="0" fec_inner="4" inversion="2" modulation="1" system="0"/>
		<transponder frequency="12581000" symbol_rate="22000000" polarization="1" fec_inner="4" inversion="2" modulation="1" system="0"/>
		<transponder frequency="12480000" symbol_rate="27500000" polarization="1" fec_inner="3" inversion="2" modulation="1" system="0"/>
		<transponder frequency="10921000" symbol_rate="22000000" polarization="0" fec_inner="5" inversion="2" modulation="1" system="0"/>
		<transponder frequency="12051000" symbol_rate="27500000" polarization="1" fec_inner="3" inversion="2" modulation="1" system="0"/>
		<transponder frequency="11156000" symbol_rate="22000000" polarization="1" fec_inner="4" inversion="2" modulation="1" system="0"/>
		<transponder frequency="12663000" symbol_rate="22000000" polarization="0" fec_inner="4" inversion="2" modulation="1" system="0"/>
		<transponder frequency="12110000" symbol_rate="27500000" polarization="0" fec_inner="3" inversion="2" modulation="1" system="0"/>
		<transponder frequency="11597000" symbol_rate="22000000" polarization="1" fec_inner="4" inversion="2" modulation="1" system="0"/>
		<transponder frequency="12207000" symbol_rate="29700000" polarization="1" fec_inner="2" inversion="2" modulation="2" system="1" pilot="2" rolloff="0"/>
		<transponder frequency="11627000" symbol_rate="22000000" polarization="1" fec_inner="2" inversion="2" modulation="2" system="1" pilot="2" rolloff="0"/>
		<transponder frequency="10744000" symbol_rate="22000000" polarization="0" fec_inner="4" inversion="2" modulation="1" system="0"/>
		<transponder frequency="11303000" symbol_rate="22000000" polarization="0" fec_inner="2" inversion="2" modulation="2" system="1" pilot="2" rolloff="0"/>
		<transponder frequency="12633000" symbol_rate="22000000" polarization="0" fec_inner="4" inversion="2" modulation="1" system="0"/>
		<transponder frequency="11817000" symbol_rate="27500000" polarization="1" fec_inner="3" inversion="2" modulation="1" system="0"/>
		<transponder frequency="12552000" symbol_rate="22000000" polarization="1" fec_inner="4" inversion="2" modulation="1" system="0"/>
		<transponder frequency="11067000" symbol_rate="22000000" polarization="1" fec_inner="4" inversion="2" modulation="1" system="0"/>
		<transponder frequency="12266000" symbol_rate="27500000" polarization="0" fec_inner="3" inversion="2" modulation="1" system="0"/>
		<transponder frequency="12728000" symbol_rate="22000000" polarization="1" fec_inner="4" inversion="2" modulation="1" system="0"/>
		<transponder frequency="11509000" symbol_rate="22000000" polarization="1" fec_inner="4" inversion="2" modulation="1" system="0"/>
		<transponder frequency="11421000" symbol_rate="22000000" polarization="0" fec_inner="4" inversion="2" modulation="1" system="0"/>
		<transponder frequency="12545000" symbol_rate="22000000" polarization="0" fec_inner="4" inversion="2" modulation="1" system="0"/>
		<transponder frequency="10729000" symbol_rate="22000000" polarization="1" fec_inner="2" inversion="2" modulation="2" system="1" pilot="2" rolloff="0"/>
		<transponder frequency="12604000" symbol_rate="22000000" polarization="0" fec_inner="4" inversion="2" modulation="1" system="0"/>
		<transponder frequency="11097000" symbol_rate="22000000" polarization="1" fec_inner="4" inversion="2" modulation="1" system="0"/>
		<transponder frequency="11023000" symbol_rate="22000000" polarization="0" fec_inner="4" inversion="2" modulation="1" system="0"/>
		<transponder frequency="11954000" symbol_rate="27500000" polarization="0" fec_inner="3" inversion="2" modulation="1" system="0"/>
		<transponder frequency="11318000" symbol_rate="22000000" polarization="1" fec_inner="4" inversion="2" modulation="1" system="0"/>
		<transponder frequency="11778000" symbol_rate="27500000" polarization="1" fec_inner="3" inversion="2" modulation="1" system="0"/>
		<transponder frequency="12285000" symbol_rate="27500000" polarization="1" fec_inner="3" inversion="2" modulation="1" system="0"/>
		<transponder frequency="12226000" symbol_rate="27500000" polarization="0" fec_inner="3" inversion="2" modulation="1" system="0"/>
		<transponder frequency="12610000" symbol_rate="22000000" polarization="1" fec_inner="4" inversion="2" modulation="1" system="0"/>
		<transponder frequency="11641000" symbol_rate="22000000" polarization="0" fec_inner="3" inversion="2" modulation="2" system="1" pilot="2" rolloff="0"/>
		<transponder frequency="10876000" symbol_rate="22000000" polarization="1" fec_inner="4" inversion="2" modulation="1" system="0"/>
		<transponder frequency="12363000" symbol_rate="27500000" polarization="1" fec_inner="3" inversion="2" modulation="1" system="0"/>
		<transponder frequency="10788000" symbol_rate="22000000" polarization="1" fec_inner="4" inversion="2" modulation="1" system="0"/>
		<transponder frequency="12422000" symbol_rate="27500000" polarization="0" fec_inner="3" inversion="2" modulation="1" system="0"/>
		<transponder frequency="11655000" symbol_rate="22000000" polarization="1" fec_inner="4" inversion="2" modulation="1" system="0"/>
		<transponder frequency="10847000" symbol_rate="22000000" polarization="1" fec_inner="4" inversion="2" modulation="1" system="0"/>
		<transponder frequency="12324000" symbol_rate="27500000" polarization="1" fec_inner="3" inversion="2" modulation="1" system="0"/>
		<transponder frequency="10759000" symbol_rate="22000000" polarization="1" fec_inner="4" inversion="2" modulation="1" system="0"/>
		<transponder frequency="11895000" symbol_rate="27500000" polarization="1" fec_inner="3" inversion="2" modulation="1" system="0"/>
		<transponder frequency="12515000" symbol_rate="22000000" polarization="0" fec_inner="4" inversion="2" modulation="1" system="0"/>
		<transponder frequency="11244000" symbol_rate="22000000" polarization="0" fec_inner="4" inversion="2" modulation="1" system="0"/>
		<transponder frequency="10979000" symbol_rate="22000000" polarization="1" fec_inner="4" inversion="2" modulation="1" system="0"/>
		<transponder frequency="10862000" symbol_rate="22000000" polarization="0" fec_inner="5" inversion="2" modulation="1" system="0"/>
		<transponder frequency="11038000" symbol_rate="22000000" polarization="1" fec_inner="4" inversion="2" modulation="1" system="0"/>
		<transponder frequency="12090000" symbol_rate="27500000" polarization="1" fec_inner="3" inversion="2" modulation="1" system="0"/>
		<transponder frequency="12640000" symbol_rate="22000000" polarization="1" fec_inner="4" inversion="2" modulation="1" system="0"/>
		<transponder frequency="12692000" symbol_rate="22000000" polarization="0" fec_inner="4" inversion="2" modulation="1" system="0"/>
		<transponder frequency="11836000" symbol_rate="27500000" polarization="0" fec_inner="3" inversion="2" modulation="1" system="0"/>
		<transponder frequency="11185000" symbol_rate="22000000" polarization="1" fec_inner="4" inversion="2" modulation="1" system="0"/>
		<transponder frequency="11436000" symbol_rate="22000000" polarization="1" fec_inner="2" inversion="2" modulation="2" system="1" pilot="2" rolloff="0"/>
		<transponder frequency="12129000" symbol_rate="27500000" polarization="1" fec_inner="3" inversion="2" modulation="1" system="0"/>
		<transponder frequency="12246000" symbol_rate="29700000" polarization="1" fec_inner="2" inversion="2" modulation="2" system="1" pilot="2" rolloff="0"/>
		<transponder frequency="12344000" symbol_rate="27500000" polarization="0" fec_inner="3" inversion="2" modulation="1" system="0"/>
		<transponder frequency="11934000" symbol_rate="27500000" polarization="1" fec_inner="3" inversion="2" modulation="1" system="0"/>
		<transponder frequency="12699000" symbol_rate="22000000" polarization="1" fec_inner="4" inversion="2" modulation="1" system="0"/>
		<transponder frequency="11739000" symbol_rate="27500000" polarization="1" fec_inner="3" inversion="2" modulation="1" system="0"/>
		<transponder frequency="11377000" symbol_rate="22000000" polarization="1" fec_inner="2" inversion="2" modulation="2" system="1" pilot="2" rolloff="0"/>
		<transponder frequency="12304000" symbol_rate="27500000" polarization="0" fec_inner="9" inversion="2" modulation="1" system="1" pilot="2" rolloff="0"/>
		<transponder frequency="12574000" symbol_rate="22000000" polarization="0" fec_inner="2" inversion="2" modulation="2" system="1" pilot="2" rolloff="0"/>
		<transponder frequency="10773000" symbol_rate="22000000" polarization="0" fec_inner="3" inversion="2" modulation="2" system="1" pilot="2" rolloff="0"/>
		<transponder frequency="10818000" symbol_rate="22000000" polarization="1" fec_inner="2" inversion="2" modulation="2" system="1" pilot="2" rolloff="0"/>
		<transponder frequency="10832000" symbol_rate="22000000" polarization="0" fec_inner="2" inversion="2" modulation="2" system="1" pilot="2" rolloff="0"/>
		<transponder frequency="10936000" symbol_rate="22000000" polarization="1" fec_inner="2" inversion="2" modulation="2" system="1" pilot="2" rolloff="0"/>
		<transponder frequency="11494000" symbol_rate="22000000" polarization="0" fec_inner="2" inversion="2" modulation="2" system="1" pilot="2" rolloff="0"/>
		<transponder frequency="11332000" symbol_rate="22000000" polarization="0" fec_inner="3" inversion="2" modulation="2" system="1" pilot="2" rolloff="0"/>
		<transponder frequency="11582000" symbol_rate="22000000" polarization="0" fec_inner="2" inversion="2" modulation="2" system="1" pilot="2" rolloff="0"/>
		<transponder frequency="12168000" symbol_rate="29700000" polarization="1" fec_inner="2" inversion="2" modulation="2" system="1" pilot="2" rolloff="0"/>
		<transponder frequency="12012000" symbol_rate="29700000" polarization="1" fec_inner="2" inversion="2" modulation="2" system="1" pilot="2" rolloff="0"/>
		<transponder frequency="12441000" symbol_rate="29700000" polarization="1" fec_inner="2" inversion="2" modulation="2" system="1" pilot="2" rolloff="0"/>
		<transponder frequency="11362000" symbol_rate="22000000" polarization="0" fec_inner="2" inversion="2" modulation="2" system="1" pilot="2" rolloff="0"/>
		<transponder frequency="11992000" symbol_rate="27500000" polarization="0" fec_inner="9" inversion="2" modulation="1" system="1" pilot="2" rolloff="0"/>
		<transponder frequency="12382000" symbol_rate="27500000" polarization="0" fec_inner="9" inversion="2" modulation="1" system="1" pilot="2" rolloff="0"/>
		<transponder frequency="11464000" symbol_rate="22000000" polarization="0" fec_inner="2" inversion="2" modulation="2" system="1" pilot="2" rolloff="0"/>
		<transponder frequency="11876000" symbol_rate="27500000" polarization="0" fec_inner="9" inversion="2" modulation="1" system="1" pilot="2" rolloff="0"/>
		<transponder frequency="10803000" symbol_rate="22000000" polarization="0" fec_inner="3" inversion="2" modulation="2" system="1" pilot="2" rolloff="0"/>
		<transponder frequency="11332000" symbol_rate="22000000" polarization="0" fec_inner="3" inversion="2" modulation="2" system="1" pilot="2" rolloff="0"/>
		<transponder frequency="11914000" symbol_rate="27500000" polarization="0" fec_inner="9" inversion="2" modulation="1" system="1" pilot="2" rolloff="0"/>
		<transponder frequency="11127000" symbol_rate="22000000" polarization="1" fec_inner="2" inversion="2" modulation="2" system="1" pilot="2" rolloff="0"/>
		<transponder frequency="11347000" symbol_rate="22000000" polarization="1" fec_inner="2" inversion="2" modulation="2" system="1" pilot="2" rolloff="0"/>
		<transponder frequency="12670000" symbol_rate="22000000" polarization="1" fec_inner="2" inversion="2" modulation="2" system="1" pilot="2" rolloff="0"/>
		<transponder frequency="11671000" symbol_rate="22000000" polarization="0" fec_inner="2" inversion="2" modulation="2" system="1" pilot="2" rolloff="0"/>
		<transponder frequency="11258000" symbol_rate="22000000" polarization="1" fec_inner="2" inversion="2" modulation="2" system="1" pilot="2" rolloff="0"/>
	</sat>
	<sat name="Eutelsat 16A/16B/16C (16.0E)" flags="1" position="160">
	</sat>
	<sat name="Hotbird 13A/13B/13C (13.0E)" flags="1" position="130">
		<transponder frequency="11662000" symbol_rate="27500000" polarization="1" fec_inner="3" inversion="2" modulation="1" system="0"/>
		<transponder frequency="10992000" symbol_rate="27500000" polarization="1" fec_inner="2" inversion="2" modulation="1" system="0"/>
		<transponder frequency="10911000" symbol_rate="27500000" polarization="1" fec_inner="3" inversion="2" modulation="2" system="1" pilot="2" rolloff="0"/>
		<transponder frequency="12418000" symbol_rate="29900000" polarization="1" fec_inner="3" inversion="2" modulation="2" system="1" pilot="2" rolloff="0"/>
		<transponder frequency="11179000" symbol_rate="27500000" polarization="0" fec_inner="3" inversion="2" modulation="1" system="0"/>
		<transponder frequency="12054000" symbol_rate="29900000" polarization="0" fec_inner="4" inversion="2" modulation="1" system="0"/>
		<transponder frequency="12713000" symbol_rate="29900000" polarization="1" fec_inner="4" inversion="2" modulation="1" system="0"/>
		<transponder frequency="10873000" symbol_rate="27500000" polarization="1" fec_inner="3" inversion="2" modulation="1" system="0"/>
		<transponder frequency="12226000" symbol_rate="27500000" polarization="1" fec_inner="3" inversion="2" modulation="1" system="0"/>
		<transponder frequency="11919000" symbol_rate="27500000" polarization="1" fec_inner="2" inversion="2" modulation="1" system="0"/>
		<transponder frequency="12322000" symbol_rate="27500000" polarization="0" fec_inner="3" inversion="2" modulation="1" system="0"/>
		<transponder frequency="12654000" symbol_rate="27500000" polarization="0" fec_inner="3" inversion="2" modulation="1" system="0"/>
		<transponder frequency="11861000" symbol_rate="29900000" polarization="0" fec_inner="4" inversion="2" modulation="1" system="0"/>
		<transponder frequency="11219000" symbol_rate="29900000" polarization="0" fec_inner="4" inversion="2" modulation="1" system="0"/>
		<transponder frequency="11075000" symbol_rate="27500000" polarization="1" fec_inner="3" inversion="2" modulation="1" system="0"/>
		<transponder frequency="11488000" symbol_rate="27500000" polarization="0" fec_inner="4" inversion="2" modulation="1" system="0"/>
		<transponder frequency="12673000" symbol_rate="29900000" polarization="1" fec_inner="4" inversion="2" modulation="1" system="0"/>
		<transponder frequency="11470000" symbol_rate="27500000" polarization="1" fec_inner="4" inversion="2" modulation="1" system="0"/>
		<transponder frequency="12284000" symbol_rate="27500000" polarization="0" fec_inner="4" inversion="2" modulation="1" system="0"/>
		<transponder frequency="11278000" symbol_rate="27500000" polarization="1" fec_inner="3" inversion="2" modulation="2" system="1" pilot="2" rolloff="0"/>
		<transponder frequency="10834000" symbol_rate="27500000" polarization="1" fec_inner="3" inversion="2" modulation="2" system="1" pilot="2" rolloff="0"/>
		<transponder frequency="10723000" symbol_rate="29900000" polarization="0" fec_inner="3" inversion="2" modulation="1" system="0"/>
		<transponder frequency="12437000" symbol_rate="27500000" polarization="0" fec_inner="3" inversion="2" modulation="1" system="0"/>
		<transponder frequency="10892000" symbol_rate="27500000" polarization="0" fec_inner="3" inversion="2" modulation="1" system="0"/>
		<transponder frequency="11240000" symbol_rate="27500000" polarization="1" fec_inner="3" inversion="2" modulation="1" system="0"/>
		<transponder frequency="11727000" symbol_rate="27500000" polarization="1" fec_inner="3" inversion="2" modulation="1" system="0"/>
		<transponder frequency="12597000" symbol_rate="27500000" polarization="1" fec_inner="3" inversion="2" modulation="1" system="0"/>
		<transponder frequency="11117000" symbol_rate="27500000" polarization="1" fec_inner="3" inversion="2" modulation="1" system="0"/>
		<transponder frequency="11565000" symbol_rate="27500000" polarization="0" fec_inner="3" inversion="2" modulation="1" system="0"/>
		<transponder frequency="12111000" symbol_rate="27500000" polarization="1" fec_inner="3" inversion="2" modulation="1" system="0"/>
		<transponder frequency="11541000" symbol_rate="22000000" polarization="1" fec_inner="4" inversion="2" modulation="1" system="0"/>
		<transponder frequency="11880000" symbol_rate="27500000" polarization="1" fec_inner="3" inversion="2" modulation="1" system="0"/>
		<transponder frequency="11317000" symbol_rate="27500000" polarization="1" fec_inner="3" inversion="2" modulation="1" system="0"/>
		<transponder frequency="10949000" symbol_rate="27500000" polarization="1" fec_inner="3" inversion="2" modulation="1" system="0"/>
		<transponder frequency="12265000" symbol_rate="27500000" polarization="1" fec_inner="3" inversion="2" modulation="2" system="1" pilot="2" rolloff="0"/>
		<transponder frequency="11747000" symbol_rate="27500000" polarization="0" fec_inner="3" inversion="2" modulation="1" system="0"/>
		<transponder frequency="12149000" symbol_rate="27500000" polarization="1" fec_inner="3" inversion="2" modulation="1" system="0"/>
		<transponder frequency="12616000" symbol_rate="29900000" polarization="0" fec_inner="4" inversion="2" modulation="1" system="0"/>
		<transponder frequency="11681000" symbol_rate="27500000" polarization="0" fec_inner="3" inversion="2" modulation="2" system="1" pilot="2" rolloff="0"/>
		<transponder frequency="11823000" symbol_rate="27500000" polarization="0" fec_inner="3" inversion="2" modulation="1" system="0"/>
		<transponder frequency="11158000" symbol_rate="27500000" polarization="1" fec_inner="4" inversion="2" modulation="1" system="0"/>
		<transponder frequency="11013000" symbol_rate="27500000" polarization="0" fec_inner="2" inversion="2" modulation="2" system="1" pilot="2" rolloff="0"/>
		<transponder frequency="10719000" symbol_rate="27500000" polarization="1" fec_inner="4" inversion="2" modulation="1" system="0"/>
		<transponder frequency="11054000" symbol_rate="27500000" polarization="0" fec_inner="4" inversion="2" modulation="1" system="0"/>
		<transponder frequency="11765000" symbol_rate="27500000" polarization="1" fec_inner="2" inversion="2" modulation="1" system="0"/>
		<transponder frequency="10930000" symbol_rate="29900000" polarization="0" fec_inner="3" inversion="2" modulation="1" system="0"/>
		<transponder frequency="11900000" symbol_rate="29900000" polarization="0" fec_inner="4" inversion="2" modulation="1" system="0"/>
		<transponder frequency="10796000" symbol_rate="27500000" polarization="1" fec_inner="4" inversion="2" modulation="1" system="0"/>
		<transponder frequency="11200000" symbol_rate="27500000" polarization="1" fec_inner="4" inversion="2" modulation="1" system="0"/>
		<transponder frequency="12034000" symbol_rate="29900000" polarization="1" fec_inner="4" inversion="2" modulation="1" system="0"/>
		<transponder frequency="12304000" symbol_rate="27500000" polarization="1" fec_inner="2" inversion="2" modulation="2" system="1" pilot="2" rolloff="0"/>
		<transponder frequency="12558000" symbol_rate="27500000" polarization="1" fec_inner="3" inversion="2" modulation="1" system="0"/>
		<transponder frequency="12169000" symbol_rate="27500000" polarization="0" fec_inner="3" inversion="2" modulation="1" system="0"/>
		<transponder frequency="11604000" symbol_rate="27500000" polarization="0" fec_inner="4" inversion="2" modulation="1" system="0"/>
		<transponder frequency="11258000" symbol_rate="27500000" polarization="0" fec_inner="3" inversion="2" modulation="2" system="1" pilot="2" rolloff="0"/>
		<transponder frequency="12245000" symbol_rate="27500000" polarization="0" fec_inner="3" inversion="2" modulation="1" system="0"/>
		<transponder frequency="10757000" symbol_rate="27500000" polarization="1" fec_inner="4" inversion="2" modulation="1" system="0"/>
		<transponder frequency="11642000" symbol_rate="27500000" polarization="0" fec_inner="3" inversion="2" modulation="1" system="0"/>
		<transponder frequency="12520000" symbol_rate="27500000" polarization="1" fec_inner="3" inversion="2" modulation="1" system="0"/>
		<transponder frequency="11096000" symbol_rate="29900000" polarization="0" fec_inner="2" inversion="2" modulation="2" system="1" pilot="2" rolloff="0"/>
		<transponder frequency="11355000" symbol_rate="29900000" polarization="1" fec_inner="4" inversion="2" modulation="1" system="0"/>
		<transponder frequency="11411000" symbol_rate="27500000" polarization="0" fec_inner="4" inversion="2" modulation="2" system="1" pilot="2" rolloff="0"/>
		<transponder frequency="12360000" symbol_rate="29900000" polarization="0" fec_inner="3" inversion="2" modulation="2" system="1" pilot="2" rolloff="0"/>
		<transponder frequency="12399000" symbol_rate="27500000" polarization="0" fec_inner="3" inversion="2" modulation="1" system="0"/>
		<transponder frequency="11137000" symbol_rate="27500000" polarization="0" fec_inner="3" inversion="2" modulation="1" system="0"/>
		<transponder frequency="12188000" symbol_rate="27500000" polarization="1" fec_inner="4" inversion="2" modulation="1" system="0"/>
		<transponder frequency="12635000" symbol_rate="29900000" polarization="1" fec_inner="4" inversion="2" modulation="1" system="0"/>
		<transponder frequency="12130000" symbol_rate="27500000" polarization="0" fec_inner="3" inversion="2" modulation="2" system="1" pilot="2" rolloff="0"/>
		<transponder frequency="11958000" symbol_rate="27500000" polarization="1" fec_inner="3" inversion="2" modulation="1" system="0"/>
		<transponder frequency="12015000" symbol_rate="27500000" polarization="0" fec_inner="3" inversion="2" modulation="1" system="0"/>
		<transponder frequency="10815000" symbol_rate="27500000" polarization="0" fec_inner="4" inversion="2" modulation="1" system="0"/>
		<transponder frequency="12692000" symbol_rate="27500000" polarization="0" fec_inner="3" inversion="2" modulation="2" system="1" pilot="2" rolloff="0"/>
		<transponder frequency="11034000" symbol_rate="27500000" polarization="1" fec_inner="3" inversion="2" modulation="1" system="0"/>
		<transponder frequency="12578000" symbol_rate="27500000" polarization="0" fec_inner="2" inversion="2" modulation="2" system="1" pilot="2" rolloff="0"/>
		<transponder frequency="11976000" symbol_rate="29900000" polarization="0" fec_inner="4" inversion="2" modulation="1" system="0"/>
		<transponder frequency="11785000" symbol_rate="29900000" polarization="0" fec_inner="3" inversion="2" modulation="2" system="1" pilot="2" rolloff="0"/>
		<transponder frequency="11526000" symbol_rate="27500000" polarization="0" fec_inner="3" inversion="2" modulation="1" system="0"/>
		<transponder frequency="11449000" symbol_rate="27500000" polarization="0" fec_inner="3" inversion="2" modulation="2" system="1" pilot="2" rolloff="0"/>
		<transponder frequency="12380000" symbol_rate="27500000" polarization="1" fec_inner="3" inversion="2" modulation="1" system="0"/>
		<transponder frequency="11508000" symbol_rate="27500000" polarization="1" fec_inner="4" inversion="2" modulation="1" system="0"/>
		<transponder frequency="10853000" symbol_rate="29900000" polarization="0" fec_inner="4" inversion="2" modulation="1" system="0"/>
		<transponder frequency="11938000" symbol_rate="29900000" polarization="0" fec_inner="3" inversion="2" modulation="1" system="0"/>
		<transponder frequency="11585000" symbol_rate="27500000" polarization="1" fec_inner="3" inversion="2" modulation="1" system="0"/>
		<transponder frequency="12072000" symbol_rate="29900000" polarization="1" fec_inner="4" inversion="2" modulation="1" system="0"/>
		<transponder frequency="11393000" symbol_rate="27500000" polarization="1" fec_inner="4" inversion="2" modulation="1" system="0"/>
		<transponder frequency="11623000" symbol_rate="27500000" polarization="1" fec_inner="3" inversion="2" modulation="1" system="0"/>
		<transponder frequency="10775000" symbol_rate="29900000" polarization="0" fec_inner="4" inversion="2" modulation="1" system="0"/>
		<transponder frequency="12476000" symbol_rate="29900000" polarization="0" fec_inner="3" inversion="2" modulation="2" system="1" pilot="2" rolloff="0"/>
		<transponder frequency="11804000" symbol_rate="27500000" polarization="1" fec_inner="2" inversion="2" modulation="1" system="0"/>
		<transponder frequency="11296000" symbol_rate="27500000" polarization="0" fec_inner="3" inversion="2" modulation="1" system="0"/>
		<transponder frequency="12465000" symbol_rate="29900000" polarization="1" fec_inner="2" inversion="2" modulation="2" system="1" pilot="2" rolloff="0"/>
		<transponder frequency="12731000" symbol_rate="29900000" polarization="0" fec_inner="3" inversion="2" modulation="2" system="1" pilot="2" rolloff="0"/>
		<transponder frequency="11996000" symbol_rate="29900000" polarization="1" fec_inner="3" inversion="2" modulation="2" system="1" pilot="2" rolloff="0"/>
		<transponder frequency="12206000" symbol_rate="29900000" polarization="0" fec_inner="3" inversion="2" modulation="2" system="1" pilot="2" rolloff="0"/>
		<transponder frequency="11842000" symbol_rate="29900000" polarization="1" fec_inner="3" inversion="2" modulation="2" system="1" pilot="2" rolloff="0"/>
		<transponder frequency="10971000" symbol_rate="29700000" polarization="0" fec_inner="2" inversion="2" modulation="2" system="1" pilot="2" rolloff="0"/>
		<transponder frequency="12341000" symbol_rate="29900000" polarization="1" fec_inner="3" inversion="2" modulation="2" system="1" pilot="2" rolloff="0"/>
		<transponder frequency="12091000" symbol_rate="29900000" polarization="0" fec_inner="3" inversion="2" modulation="2" system="1" pilot="2" rolloff="0"/>
	</sat>
	<sat name="Eutelsat 10A (10.0E)" flags="1" position="100">
	</sat>
	<sat name="Eutelsat 9A (9.0E)" flags="1" position="90">
	</sat>
	<sat name="Eutelsat 7A (7.0E)" flags="1" position="70">
		<transponder frequency="11189000" symbol_rate="2018000" polarization="1" fec_inner="4" inversion="2" modulation="1" system="0"/>
		<transponder frequency="12531000" symbol_rate="1852000" polarization="1" fec_inner="2" inversion="2" modulation="2" system="1" pilot="2" rolloff="0"/>
		<transponder frequency="10721000" symbol_rate="27500000" polarization="1" fec_inner="3" inversion="2" modulation="1" system="0"/>
		<transponder frequency="10721000" symbol_rate="27500000" polarization="1" fec_inner="3" inversion="2" modulation="1" system="0"/>
		<transponder frequency="11189000" symbol_rate="2018000" polarization="1" fec_inner="4" inversion="2" modulation="1" system="0"/>
		<transponder frequency="11575000" symbol_rate="30000000" polarization="1" fec_inner="3" inversion="2" modulation="1" system="0"/>
		<transponder frequency="10721000" symbol_rate="27500000" polarization="1" fec_inner="3" inversion="2" modulation="1" system="0"/>
		<transponder frequency="11596000" symbol_rate="30000000" polarization="0" fec_inner="3" inversion="2" modulation="1" system="0"/>
		<transponder frequency="10803000" symbol_rate="29900000" polarization="1" fec_inner="3" inversion="2" modulation="1" system="0"/>
		<transponder frequency="12520000" symbol_rate="6144000" polarization="0" fec_inner="3" inversion="2" modulation="2" system="1" pilot="2" rolloff="0"/>
		<transponder frequency="11492000" symbol_rate="30000000" polarization="1" fec_inner="3" inversion="2" modulation="1" system="0"/>
		<transponder frequency="10762000" symbol_rate="30000000" polarization="1" fec_inner="3" inversion="2" modulation="1" system="0"/>
		<transponder frequency="10845000" symbol_rate="30000000" polarization="1" fec_inner="3" inversion="2" modulation="1" system="0"/>
		<transponder frequency="11221000" symbol_rate="27500000" polarization="0" fec_inner="3" inversion="2" modulation="1" system="0"/>
		<transponder frequency="11455000" symbol_rate="20050000" polarization="1" fec_inner="3" inversion="2" modulation="1" system="0"/>
		<transponder frequency="11471000" symbol_rate="30000000" polarization="0" fec_inner="3" inversion="2" modulation="1" system="0"/>
		<transponder frequency="11637000" symbol_rate="30000000" polarization="0" fec_inner="3" inversion="2" modulation="1" system="0"/>
		<transponder frequency="10928000" symbol_rate="30000000" polarization="0" fec_inner="3" inversion="2" modulation="1" system="0"/>
		<transponder frequency="11617000" symbol_rate="30000000" polarization="1" fec_inner="3" inversion="2" modulation="1" system="0"/>
		<transponder frequency="11534000" symbol_rate="30000000" polarization="1" fec_inner="3" inversion="2" modulation="1" system="0"/>
		<transponder frequency="11554000" symbol_rate="30000000" polarization="0" fec_inner="3" inversion="2" modulation="1" system="0"/>
		<transponder frequency="11513000" symbol_rate="29900000" polarization="0" fec_inner="3" inversion="2" modulation="1" system="0"/>
		<transponder frequency="11678000" symbol_rate="30000000" polarization="0" fec_inner="3" inversion="2" modulation="1" system="0"/>
		<transponder frequency="11186000" symbol_rate="2893000" polarization="1" fec_inner="4" inversion="2" modulation="1" system="0"/>
		<transponder frequency="10845000" symbol_rate="30000000" polarization="0" fec_inner="4" inversion="2" modulation="1" system="1" pilot="2" rolloff="0"/>
		<transponder frequency="10886000" symbol_rate="30000000" polarization="0" fec_inner="4" inversion="2" modulation="1" system="1" pilot="2" rolloff="0"/>
		<transponder frequency="10803000" symbol_rate="30000000" polarization="0" fec_inner="4" inversion="2" modulation="1" system="1" pilot="2" rolloff="2"/>
		<transponder frequency="10886000" symbol_rate="30000000" polarization="0" fec_inner="4" inversion="2" modulation="1" system="1" pilot="2" rolloff="0"/>
		<transponder frequency="10928000" symbol_rate="30000000" polarization="1" fec_inner="4" inversion="2" modulation="1" system="1" pilot="2" rolloff="0"/>
	</sat>
	<sat name="Astra 4A (4.8E)" flags="1" position="48">
	</sat>
	<sat name="Eutelsat 3C / Rascom QAF 1R (3.0E)" flags="1" position="30">
	</sat>
	<sat name="Eutelsat 3C / Rascom QAF 1R (2.8E)" flags="1" position="28">
	</sat>
	<sat name="Intelsat 10-02 / Thor 5/6 (1.0W)" flags="1" position="-10">
	</sat>
	<sat name="Amos 2/3 (4.0W)" flags="1" position="-40">
	</sat>
	<sat name="Eutelsat 5 West A (5.0W)" flags="1" position="-50">
	</sat>
	<sat name="Eutelsat 7 West A / Nilesat 101/102/201 (7.0W)" flags="1" position="-70">
	</sat>
	<sat name="Eutelsat 8 West A (8.0W)" flags="1" position="-80">
	</sat>
	<sat name="Express AM44 (11.0W)" flags="1" position="-110">
	</sat>
	<sat name="Eutelsat 12 West A (12.5W)" flags="1" position="-125">
	</sat>
	<sat name="Telstar 12 (15.0W)" flags="1" position="-150">
	</sat>
	<sat name="Intelsat 901 (18.0W)" flags="1" position="-180">
	</sat>
	<sat name="NSS 5 (20.0W)" flags="1" position="-200">
	</sat>
	<sat name="NSS 7 (22.0W)" flags="1" position="-220">
	</sat>
	<sat name="Intelsat 905 (24.5W)" flags="1" position="-245">
	</sat>
	<sat name="Intelsat 907 (27.5W)" flags="1" position="-275">
	</sat>
	<sat name="Hispasat 1C/1D/1E (30.0W)" flags="1" position="-300">
	</sat>
	<sat name="Intelsat 25 (31.5W)" flags="1" position="-315">
	</sat>
	<sat name="Intelsat 903 (34.5W)" flags="1" position="-345">
	</sat>
	<sat name="NSS 10 / Telstar 11N (37.5W)" flags="1" position="-375">
	</sat>
	<sat name="NSS 806 (40.5W)" flags="1" position="-405">
	</sat>
	<sat name="Intelsat 11 (43.0W)" flags="1" position="-430">
	</sat>
	<sat name="Intelsat 14 (45.0W)" flags="1" position="-450">
	</sat>
	<sat name="Intelsat 1R (50.0W)" flags="1" position="-500">
	</sat>
	<sat name="Intelsat 707 (53.0W)" flags="1" position="-530">
	</sat>
	<sat name="Intelsat 805 (55.5W)" flags="1" position="-555">
	</sat>
	<sat name="Intelsat 9 (58.0W)" flags="1" position="-580">
	</sat>
</satellites>
